# time, x_vel, y_vel, z_vel, x_pos_tr, y_pos_tr, z_pos_tr, throttle, steering angle
1.455425050109624863e+00, 0.000000000000000000e+00, 0.000000000000000000e+00, 0.000000000000000000e+00, 0.000000000000000000e+00, 0.000000000000000000e+00, 0.000000000000000000e+00, 1.000000000000000000e+00, -6.999999237060546875e+01
1.505425050854682922e+00, -8.841531816869974136e-04, -2.093349030474200845e-04, -1.617064885795116425e-02, 7.629394531250000000e-06, 4.596635699272155762e-05, -7.307434570975601673e-04, 1.000000000000000000e+00, 6.999999237060546875e+01
1.555425051599740982e+00, -7.875951123423874378e-04, -2.796533226501196623e-04, -1.497871614992618561e-02, 2.098083496093750000e-05, 1.295851543545722961e-04, -1.358604466076940298e-03, 1.000000000000000000e+00, -1.027902252698368102e+01
1.605425052344799042e+00, -1.133557758294045925e-03, -3.423362795729190111e-04, -1.312214508652687073e-02, 1.907348632812500000e-05, 2.254862338304519653e-04, -1.880112045910209417e-03, 1.000000000000000000e+00, -1.027709908530641769e+01
1.655425053089857101e+00, -7.258811965584754944e-04, -2.957296383101493120e-04, -1.108883135020732880e-02, 2.479553222656250000e-05, 3.211591392755508423e-04, -2.302818640600889921e-03, 1.000000000000000000e+00, -1.027892760659722171e+01
1.705425053834915161e+00, -4.519045760389417410e-04, -2.648675290402024984e-04, -9.132836945354938507e-03, 4.196166992187500000e-05, 4.091635346412658691e-04, -2.639808866661041975e-03, 1.000000000000000000e+00, -1.027914039515587774e+01
1.755425054579973221e+00, -3.632702282629907131e-04, -2.280848420923575759e-04, -7.377958856523036957e-03, 5.531311035156250000e-05, 4.859156906604766846e-04, -2.904625085648149252e-03, 1.000000000000000000e+00, -1.027895681286997842e+01
1.805425055325031281e+00, -2.954942174255847931e-04, -1.900408242363482714e-04, -5.874646361917257309e-03, 6.866455078125000000e-05, 5.507655441761016846e-04, -3.110885794740170240e-03, 1.000000000000000000e+00, -1.027918316148384292e+01
1.855425056070089340e+00, -2.424951235298067331e-04, -1.545483246445655823e-04, -4.621822386980056763e-03, 7.820129394531250000e-05, 6.040949374437332153e-04, -3.270035085733979940e-03, 1.000000000000000000e+00, -1.027900583768496290e+01
1.905425056815147400e+00, -1.592497428646311164e-04, -4.655915108742192388e-05, -1.522706821560859680e-03, 8.201599121093750000e-05, 6.136316806077957153e-04, -3.298988973256200552e-03, 1.000000000000000000e+00, -1.027919150613320198e+01
1.955425057560205460e+00, -1.805461943149566650e-04, -6.535732973134145141e-05, -2.030777977779507637e-03, 8.583068847656250000e-05, 6.344215944409370422e-04, -3.358498157467693090e-03, 1.000000000000000000e+00, -1.028021163951734707e+01
2.005425058305263519e+00, -1.626747252885252237e-04, -7.083093805704265833e-05, -2.119130687788128853e-03, 9.155273437500000000e-05, 6.579207256436347961e-04, -3.423691203352063894e-03, 1.000000000000000000e+00, -1.027810774479769407e+01
2.055425059050321579e+00, -1.360454480163753033e-04, -6.833491352153941989e-05, -1.985886599868535995e-03, 9.727478027343750000e-05, 6.810370832681655884e-04, -3.486099594738334417e-03, 1.000000000000000000e+00, -1.027920402310724057e+01
2.105425059795379639e+00, -1.110641096602194011e-04, -6.155959272291511297e-05, -1.751950941979885101e-03, 9.918212890625000000e-05, 7.020179182291030884e-04, -3.541489073541015387e-03, 1.000000000000000000e+00, -1.027884416010363111e+01
2.155425060540437698e+00, -9.009780478663742542e-05, -5.304267688188701868e-05, -1.488475594669580460e-03, 1.049041748046875000e-04, 7.203286513686180115e-04, -3.588944149669259787e-03, 1.000000000000000000e+00, -1.027929581425019023e+01
2.205425061285495758e+00, -7.375251152552664280e-05, -4.423929567565210164e-05, -1.231369678862392902e-03, 1.068115234375000000e-04, 7.357783615589141846e-04, -3.628235252108424902e-03, 1.000000000000000000e+00, -1.027895889903231819e+01
2.255425062030553818e+00, -6.052958269719965756e-05, -3.598775947466492653e-05, -9.963090997189283371e-04, 1.087188720703125000e-04, 7.484816014766693115e-04, -3.660126065369695425e-03, 1.000000000000000000e+00, -1.027900270844145325e+01
2.305425062775611877e+00, -2.980611679959110916e-05, -8.037107363634277135e-06, -2.489247126504778862e-04, 1.106262207031250000e-04, 7.528681308031082153e-04, -3.671722894068807364e-03, 1.000000000000000000e+00, -1.027915395521108621e+01
2.355425063520669937e+00, -4.202732816338539124e-05, -1.290231466555269435e-05, -4.022309149149805307e-04, 1.106262207031250000e-04, 7.570264860987663269e-04, -3.682861977722495794e-03, 1.000000000000000000e+00, -1.027896098519465795e+01
2.405425064265727997e+00, -3.974602077505551279e-05, -1.487840745539870113e-05, -4.448340041562914848e-04, 1.087188720703125000e-04, 7.620230317115783691e-04, -3.696137049701064825e-03, 1.000000000000000000e+00, -1.027872629193143439e+01
2.455425065010786057e+00, -3.467483475105836987e-05, -1.475726821809075773e-05, -4.302070592530071735e-04, 1.106262207031250000e-04, 7.670968770980834961e-04, -3.709297569002956152e-03, 1.000000000000000000e+00, -1.027911327504546080e+01
2.505425065755844116e+00, -3.697076863318216056e-06, -1.503546900494256988e-05, -3.863262536469846964e-04, 1.125335693359375000e-04, 7.717125117778778076e-04, -3.721313958521932364e-03, 1.000000000000000000e+00, -1.027913413666885845e+01
2.555425066500902176e+00, -3.137033218081342056e-06, -1.304509532928932458e-05, -3.327196463942527771e-04, 1.163482666015625000e-04, 7.758708670735359192e-04, -3.731689823325723410e-03, 1.000000000000000000e+00, -1.027936882993208201e+01
2.605425067245960236e+00, -2.544114295233157463e-06, -1.098264783649938181e-05, -2.776064793579280376e-04, 1.163482666015625000e-04, 7.793800905346870422e-04, -3.740349260624498129e-03, 1.000000000000000000e+00, -1.028019807946213859e+01
2.655425067991018295e+00, -2.120432782248826697e-06, -8.983387488115113229e-06, -2.287864772370085120e-04, 1.182556152343750000e-04, 7.822411134839057922e-04, -3.747406357433646917e-03, 1.000000000000000000e+00, -1.027934588214634459e+01
2.705425068736076355e+00, 0.000000000000000000e+00, 0.000000000000000000e+00, 0.000000000000000000e+00, 1.182556152343750000e-04, 7.822411134839057922e-04, -3.747406357433646917e-03, 1.000000000000000000e+00, -1.027920506618841046e+01
2.755425069481134415e+00, -1.180721255877870135e-06, -2.946082986454712227e-06, -7.723474118392914534e-05, 1.201629638671875000e-04, 7.845684885978698730e-04, -3.753433877136558294e-03, 1.000000000000000000e+00, -1.027937300225676154e+01
2.805425070226192474e+00, -1.076953367373789661e-06, -3.582911631383467466e-06, -9.321566176367923617e-05, 1.201629638671875000e-04, 7.855221629142761230e-04, -3.756103978957980871e-03, 1.000000000000000000e+00, -1.027920610926958034e+01
2.855425070971250534e+00, -1.058787120200577192e-06, -3.648943220468936488e-06, -9.390219202032312751e-05, 1.220703125000000000e-04, 7.865903899073600769e-04, -3.758888633456081152e-03, 1.000000000000000000e+00, -1.027941263934121707e+01
2.905425071716308594e+00, -8.995301072900474537e-07, -3.377087523404043168e-06, -8.568289194954559207e-05, 1.220703125000000000e-04, 7.876204326748847961e-04, -3.761559200938791037e-03, 1.000000000000000000e+00, -1.027922488473063822e+01
2.955425072461366653e+00, -7.411775300170120317e-07, -2.973054961330490187e-06, -7.448862015735358000e-05, 1.220703125000000000e-04, 7.885741069912910461e-04, -3.763847926165908575e-03, 1.000000000000000000e+00, -1.027922384164946834e+01
3.005425073206424713e+00, -5.938559297646861523e-07, -2.513205572540755384e-06, -6.281759124249219894e-05, 1.220703125000000000e-04, 7.894132286310195923e-04, -3.765755274798721075e-03, 1.000000000000000000e+00, -1.027922279856829846e+01
3.055425073951482773e+00, -5.060563239567272831e-07, -2.058690597550594248e-06, -5.152797166374512017e-05, 1.220703125000000000e-04, 7.900614291429519653e-04, -3.767395333852618933e-03, 1.000000000000000000e+00, -1.027922592781180811e+01
3.105425074696540833e+00, -3.935232086860196432e-07, -1.673059841778012924e-06, -4.119186633033677936e-05, 1.220703125000000000e-04, 7.905950769782066345e-04, -3.768692666199058294e-03, 1.000000000000000000e+00, -1.027922592781180811e+01
3.155425075441598892e+00, -2.228945419346928247e-07, -5.631939643535588402e-07, -1.464599608880234882e-05, 1.220703125000000000e-04, 7.905950769782066345e-04, -3.768692666199058294e-03, 1.000000000000000000e+00, -1.027923531554233705e+01
3.205425076186656952e+00, -2.660151778854924487e-07, -7.385408480331534520e-07, -1.903216616483405232e-05, 1.239776611328125000e-04, 7.909387350082397461e-04, -3.769417235162109137e-03, 1.000000000000000000e+00, -1.027943975945163402e+01
3.255425076931715012e+00, -2.237694332052342361e-07, -7.891993618613923900e-07, -1.998568222916219383e-05, 1.239776611328125000e-04, 7.909387350082397461e-04, -3.769417235162109137e-03, 1.000000000000000000e+00, -1.027925826332807446e+01
3.305425077676773071e+00, -2.176625741867610486e-07, -7.612752028762770351e-07, -1.834563590819016099e-05, 1.239776611328125000e-04, 7.914714515209197998e-04, -3.770600014831870794e-03, 1.000000000000000000e+00, -1.027924783251637564e+01
3.355425078421831131e+00, -1.830287885695724981e-07, -6.617621579607657623e-07, -1.592370608705095947e-05, 1.239776611328125000e-04, 7.914714515209197998e-04, -3.770600014831870794e-03, 1.000000000000000000e+00, -1.027925617716573470e+01
3.405425079166889191e+00, -1.300673204696067842e-07, -5.869239316780294757e-07, -1.357805922452826053e-05, 1.239776611328125000e-04, 7.914714515209197998e-04, -3.770600014831870794e-03, 1.000000000000000000e+00, -1.027925617716573470e+01
3.455425079911947250e+00, -1.137509357818089484e-07, -4.803134174835577141e-07, -1.130869259213795885e-05, 1.239776611328125000e-04, 7.921205833554267883e-04, -3.771896881517022848e-03, 1.000000000000000000e+00, -1.027924470327286599e+01
3.505425080657005310e+00, -2.001136039098128094e-07, -3.823938641289714724e-07, -9.001184480439405888e-06, 1.239776611328125000e-04, 7.921205833554267883e-04, -3.771896881517022848e-03, 1.000000000000000000e+00, -1.027925513408456482e+01
3.555425081402063370e+00, -4.122124508398883336e-08, -1.108652014636390959e-07, -2.822405576807796024e-06, 1.239776611328125000e-04, 7.921205833554267883e-04, -3.771896881517022848e-03, 1.000000000000000000e+00, -1.027925513408456482e+01
3.605425082147121429e+00, -2.603503190812261892e-08, -1.507492441987778875e-07, -3.451725660852389410e-06, 1.239776611328125000e-04, 7.921205833554267883e-04, -3.771896881517022848e-03, 1.000000000000000000e+00, -1.027925513408456482e+01
3.655425082892179489e+00, -9.997942385098212981e-08, -1.877283040130350855e-07, -3.985694092989433557e-06, 1.239776611328125000e-04, 7.921205833554267883e-04, -3.771896881517022848e-03, 1.000000000000000000e+00, -1.027925513408456482e+01
3.705425083637237549e+00, -8.296287035136629129e-08, -1.596905150336169754e-07, -2.822405576807796024e-06, 1.239776611328125000e-04, 7.921205833554267883e-04, -3.771896881517022848e-03, 1.000000000000000000e+00, -1.027925513408456482e+01
3.755425084382295609e+00, -5.997021190751183894e-08, -1.346478342156842700e-07, -3.146600647596642375e-06, 1.239776611328125000e-04, 7.921205833554267883e-04, -3.771896881517022848e-03, 1.000000000000000000e+00, -1.027925513408456482e+01
3.805425085127353668e+00, 3.235163470449720080e-09, -1.188815019759204006e-07, -2.822405576807796024e-06, 1.239776611328125000e-04, 7.921205833554267883e-04, -3.771896881517022848e-03, 1.000000000000000000e+00, -1.027925513408456482e+01
3.855425085872411728e+00, -1.111197911463079890e-09, -9.656686472681030864e-08, -2.536350848458823748e-06, 1.239776611328125000e-04, 7.921205833554267883e-04, -3.771896881517022848e-03, 1.000000000000000000e+00, -1.027925513408456482e+01
3.905425086617469788e+00, -3.724817432271265716e-08, -8.529316630756511586e-08, -2.212155550296301953e-06, 1.239776611328125000e-04, 7.926160469651222229e-04, -3.772965108510106802e-03, 1.000000000000000000e+00, -1.027924678943520576e+01
3.955425087362527847e+00, 0.000000000000000000e+00, 0.000000000000000000e+00, 0.000000000000000000e+00, 1.239776611328125000e-04, 7.926160469651222229e-04, -3.772965108510106802e-03, 1.000000000000000000e+00, -1.027925409100339493e+01
4.005425088107585907e+00, -1.540660887258127332e-04, -1.013927394524216652e-03, 1.238591556409405707e-19, 1.258850097656250000e-04, 7.786545902490615845e-04, -3.771553689148277044e-03, 1.000000000000000000e+00, -1.027732021851443278e+01
4.055425088852643967e+00, -7.924697548151016235e-02, -5.032007098197937012e-01, 6.102497991378186271e-06, -1.976013183593750000e-03, -1.633213181048631668e-02, -4.130973888095468283e-03, 1.000000000000000000e+00, -9.648903450744683141e+00
4.105425089597702026e+00, -1.558119356632232666e-01, -9.891728758811950684e-01, 9.497012797510251403e-06, -6.952285766601562500e-03, -5.821113474667072296e-02, -4.759407078381627798e-03, 1.000000000000000000e+00, -8.708457295653943220e+00
4.155425090342760086e+00, -2.233409285545349121e-01, -1.462000131607055664e+00, 6.598326763196382672e-06, -1.454353332519531250e-02, -1.240397598594427109e-01, -5.461158638354390860e-03, 1.000000000000000000e+00, -7.865532971460197587e+00
4.205425091087818146e+00, -2.799095213413238525e-01, -1.922849059104919434e+00, -3.432655262258776929e-07, -2.445030212402343750e-02, -2.131251152604818344e-01, -6.128653825726360083e-03, 1.000000000000000000e+00, -7.205372114447413878e+00
4.255425091832876205e+00, -3.325015306472778320e-01, -2.371339321136474609e+00, -8.867693395586684346e-06, -3.658676147460937500e-02, -3.248120155185461044e-01, -6.708602362778037786e-03, 1.000000000000000000e+00, -6.676583158456651290e+00
4.305425092577934265e+00, -3.861808776855468750e-01, -2.807473421096801758e+00, -1.464599608880234882e-05, -5.104255676269531250e-02, -4.584690537303686142e-01, -7.181357999797910452e-03, 1.000000000000000000e+00, -6.205268496466999295e+00
4.355425093322992325e+00, -4.427219927310943604e-01, -3.231720447540283203e+00, -1.836470619309693575e-05, -6.799507141113281250e-02, -6.134978141635656357e-01, -7.546423410531133413e-03, 1.000000000000000000e+00, -5.771703985096564793e+00
4.405425094068050385e+00, -5.017327666282653809e-01, -3.644829034805297852e+00, -1.908937701955437660e-05, -8.761978149414062500e-02, -7.893402185291051865e-01, -7.813681324478238821e-03, 1.000000000000000000e+00, -5.381589019857585754e+00
4.455425094813108444e+00, -5.633089542388916016e-01, -4.047442913055419922e+00, -1.689629243628587574e-05, -1.100978851318359375e-01, -9.854724612087011337e-01, -7.997549546416848898e-03, 1.000000000000000000e+00, -3.765900618659316024e+01
4.505425095558166504e+00, -6.282185316085815430e-01, -4.440078258514404297e+00, -1.403574606229085475e-05, -1.356334686279296875e-01, -1.201398095116019249e+00, -8.113478717859834433e-03, 1.000000000000000000e+00, -8.997875812455390587e+00
4.555425096303224564e+00, -9.831777811050415039e-01, -4.732985496520996094e+00, -9.535154276818502694e-06, -1.711521148681640625e-01, -1.434255918487906456e+00, -8.140143414493650198e-03, 1.000000000000000000e+00, -5.812836847949711228e+00
4.605425097048282623e+00, -1.074362277984619141e+00, -5.106367111206054688e+00, 1.495045423507690430e-02, -2.144355773925781250e-01, -1.684207996353507042e+00, -7.879179378505796194e-03, 1.000000000000000000e+00, -3.118217359370959230e+00
4.655425097793340683e+00, -1.052613615989685059e+00, -5.491824626922607422e+00, 6.767041515558958054e-03, -2.587375640869140625e-01, -1.953368863090872765e+00, -7.409667072352021933e-03, 1.000000000000000000e+00, -4.047870232056340001e+00
4.705425098538398743e+00, -9.997567534446716309e-01, -5.872783660888671875e+00, 2.438844414427876472e-03, -3.028430938720703125e-01, -2.241462429985404015e+00, -7.203100656624883413e-03, 1.000000000000000000e+00, -6.379533981356928507e+00
4.755425099283456802e+00, -1.111218214035034180e+00, -6.218654632568359375e+00, 2.566100738476961851e-04, -3.515377044677734375e-01, -2.547274550423026085e+00, -7.123831135686486959e-03, 1.000000000000000000e+00, -7.200964574964075382e+00
4.805425100028514862e+00, -1.352747201919555664e+00, -6.520630836486816406e+00, -7.502830703742802143e-04, -4.093704223632812500e-01, -2.869028767570853233e+00, -7.089079765137284994e-03, 1.000000000000000000e+00, -4.078230413357232464e+01
4.855425100773572922e+00, -1.581219434738159180e+00, -6.822758197784423828e+00, -1.135598635300993919e-03, -4.771938323974609375e-01, -3.206173857674002647e+00, -7.072638196405023336e-03, 1.000000000000000000e+00, -8.074788092653250260e+00
4.905425101518630981e+00, -2.081995248794555664e+00, -6.967475414276123047e+00, -1.208485336974263191e-03, -5.608825683593750000e-01, -3.554667910560965538e+00, -7.003019971307367086e-03, 1.000000000000000000e+00, -2.934249133438783019e+00
4.955425102263689041e+00, -2.194778203964233398e+00, -7.297413825988769531e+00, -1.129972864873707294e-03, -6.559677124023437500e-01, -3.916304310783743858e+00, -6.954001204576343298e-03, 1.000000000000000000e+00, 9.179308242871009327e-02
5.005425103008747101e+00, -2.070417881011962891e+00, -7.662110805511474609e+00, -9.610863053239881992e-04, -7.499275207519531250e-01, -4.295676430687308311e+00, -6.942709384020417929e-03, 1.000000000000000000e+00, -3.482560657375358915e+00
5.055425103753805161e+00, -1.944755792617797852e+00, -8.023410797119140625e+00, -7.949458085931837559e-04, -8.422107696533203125e-01, -4.692333420738577843e+00, -6.936873251106590033e-03, 1.000000000000000000e+00, -6.999999237060546875e+01
5.105425104498863220e+00, -2.190525054931640625e+00, -8.283095359802246094e+00, -6.543212803080677986e-04, -9.432201385498046875e-01, -5.103144368156790733e+00, -6.926000991370528936e-03, 1.000000000000000000e+00, -1.818454305817249406e+01
5.155425105243921280e+00, -2.706990003585815430e+00, -8.387866973876953125e+00, -5.334727466106414795e-04, -1.061697006225585938e+00, -5.523334225639700890e+00, -6.863287591841071844e-03, 1.000000000000000000e+00, -1.514803989533925233e+01
5.205425105988979340e+00, -3.383427381515502930e+00, -8.306824684143066406e+00, -4.571724566631019115e-04, -1.206073760986328125e+00, -5.943617066368460655e+00, -6.658477184828370810e-03, 1.000000000000000000e+00, -6.329585517996520139e+00
5.255425106734037399e+00, -3.853081226348876953e+00, -8.378438949584960938e+00, -4.086576227564364672e-04, -1.372274398803710938e+00, -6.366616925224661827e+00, -6.461943907197564840e-03, 1.000000000000000000e+00, 1.080191259818846561e+00
5.305425107479095459e+00, -3.873704671859741211e+00, -8.696390151977539062e+00, -2.982786681968718767e-04, -1.547397613525390625e+00, -6.802045067772269249e+00, -6.388320063706487417e-03, 1.000000000000000000e+00, 9.135517413619282934e-01
5.355425108224153519e+00, -3.610706806182861328e+00, -9.069112777709960938e+00, -1.592942862771451473e-04, -1.719127655029296875e+00, -7.253951748833060265e+00, -6.350402196403592825e-03, 1.000000000000000000e+00, -7.159192824894375917e+00
5.405425108969211578e+00, -3.573066949844360352e+00, -9.376290321350097656e+00, -9.527525980956852436e-05, -1.891290664672851562e+00, -7.720269879326224327e+00, -6.326941715087741613e-03, 1.000000000000000000e+00, -3.329082215579433068e+01
5.455425109714269638e+00, -4.077846050262451172e+00, -9.413278579711914062e+00, -9.235749894287437201e-05, -2.080839157104492188e+00, -8.192733963951468468e+00, -6.288603821303695440e-03, 1.000000000000000000e+00, -1.824985245638117703e+01
5.505425110459327698e+00, -4.720505714416503906e+00, -9.269587516784667969e+00, -9.455058170715346932e-05, -2.295381546020507812e+00, -8.663562020286917686e+00, -6.167525367345660925e-03, 1.000000000000000000e+00, -2.719547094530662434e+01
5.555425111204385757e+00, -5.329916477203369141e+00, -8.928405761718750000e+00, -1.088342396542429924e-04, -2.536203384399414062e+00, -9.123358925804495811e+00, -5.869063490536063910e-03, 1.000000000000000000e+00, -5.024970520227043380e+00
5.605425111949443817e+00, -5.888582229614257812e+00, -8.348272323608398438e+00, -1.326912024524062872e-04, -2.798540115356445312e+00, -9.561568459495902061e+00, -5.298271251376718283e-03, 1.000000000000000000e+00, -2.268097600497071653e+01
5.655425112694501877e+00, -6.065660953521728516e+00, -8.173627853393554688e+00, -9.731577301863580942e-05, -3.076425552368164062e+00, -9.983296593651175499e+00, -4.726142564322799444e-03, 1.000000000000000000e+00, 8.724275100054626364e+00
5.705425113439559937e+00, -6.390615940093994141e+00, -7.863859653472900391e+00, 1.046578472596593201e-04, -3.365413665771484375e+00, -1.039703770540654659e+01, -4.265518335159868002e-03, 1.000000000000000000e+00, 1.020304240840710008e+01
5.755425114184617996e+00, -6.279623508453369141e+00, -7.934629917144775391e+00, 1.604003628017380834e-04, -3.663289070129394531e+00, -1.080374546907842159e+01, -3.916511719580739737e-03, 1.000000000000000000e+00, -1.470443729233045360e+01
5.805425114929676056e+00, -5.701170921325683594e+00, -8.213789939880371094e+00, 3.107125230599194765e-04, -3.946427345275878906e+00, -1.121799393557012081e+01, -3.606262558605521917e-03, 1.000000000000000000e+00, -6.122442636172479524e+00
5.855425115674734116e+00, -5.843973159790039062e+00, -8.072189331054687500e+00, 4.466456884983927011e-04, -4.228215217590332031e+00, -1.162957211397588253e+01, -3.346824960317462683e-03, 1.000000000000000000e+00, -1.457975362776971906e+01
5.905425116419792175e+00, -6.172523498535156250e+00, -7.769531250000000000e+00, 3.779544204007834196e-04, -4.526640892028808594e+00, -1.202639981172978878e+01, -3.167420101817697287e-03, 1.000000000000000000e+00, -1.224052519305485021e+01
5.955425117164850235e+00, -6.572705745697021484e+00, -7.316729068756103516e+00, 3.274180926382541656e-04, -4.840003013610839844e+00, -1.240679665468633175e+01, -2.996826719027012587e-03, 1.000000000000000000e+00, -3.244609747350136786e+01
6.005425117909908295e+00, -6.862499237060546875e+00, -6.969349861145019531e+00, 1.946887641679495573e-04, -5.166713714599609375e+00, -1.277006073854863644e+01, -2.831078309100121260e-03, 1.000000000000000000e+00, -3.271027446907282865e+00
6.055425118654966354e+00, -7.386697292327880859e+00, -6.544103145599365234e+00, 1.156423386419191957e-04, -5.510488510131835938e+00, -1.311722775362432003e+01, -2.772866224404424429e-03, 1.000000000000000000e+00, 4.597054293391522606e+00
6.105425119400024414e+00, -7.625546932220458984e+00, -6.748531818389892578e+00, 1.227174361702054739e-04, -5.874075889587402344e+00, -1.346325894258916378e+01, -3.066712000872939825e-03, 1.000000000000000000e+00, 9.181107623081629754e+00
6.155425120145082474e+00, -7.401513099670410156e+00, -7.307022571563720703e+00, 4.028983821626752615e-04, -6.236972808837890625e+00, -1.383019467256963253e+01, -3.506012668367475271e-03, 1.000000000000000000e+00, -3.154655887573107975e+01
6.205425120890140533e+00, -7.170611858367919922e+00, -7.823349475860595703e+00, 4.188411694485694170e-04, -6.596215248107910156e+00, -1.421621819399297237e+01, -3.896408190485090017e-03, 1.000000000000000000e+00, -1.910898834811723646e+01
6.255425121635198593e+00, -7.615635871887207031e+00, -7.776085853576660156e+00, 3.815205709543079138e-04, -6.968213081359863281e+00, -1.460822316072881222e+01, -4.301643406506627798e-03, 1.000000000000000000e+00, -2.544767996472683080e+01
6.305425122380256653e+00, -8.215659141540527344e+00, -7.377901554107666016e+00, 1.880904455902054906e-04, -7.365858078002929688e+00, -1.498800774477422237e+01, -4.594688245560973883e-03, 6.634352803230285645e-01, -4.682940449530360638e+01
6.355425123125314713e+00, -8.793545722961425781e+00, -6.770637512207031250e+00, -4.027648901683278382e-05, -7.786702156066894531e+00, -1.534718438051640987e+01, -4.664116015192121267e-03, 4.253692924976348877e-01, -1.169920048756443975e+01
6.405425123870372772e+00, -9.296453475952148438e+00, -5.978888511657714844e+00, -2.263645437778905034e-04, -8.227526664733886719e+00, -1.567744465731084347e+01, -4.490585473831743002e-03, 5.533414483070373535e-01, 1.540961153491863911e+00
6.455425124615430832e+00, -9.739744186401367188e+00, -5.552051067352294922e+00, -3.862881567329168320e-04, -8.687744140625000000e+00, -1.598358078859746456e+01, -4.329681338276714087e-03, 0.000000000000000000e+00, 1.287956469945868321e+01
6.505425125360488892e+00, -9.747524261474609375e+00, -5.903794288635253906e+00, -2.095636154990643263e-04, -9.160052299499511719e+00, -1.629371472261846066e+01, -4.396018979605287313e-03, 0.000000000000000000e+00, -4.382664918064074300e+01
6.555425126105546951e+00, -9.449152946472167969e+00, -6.432582378387451172e+00, 9.615248563932254910e-05, -9.628234863281250000e+00, -1.662102147005498409e+01, -4.396591277327388525e-03, 0.000000000000000000e+00, -9.800312941040147052e+00
6.605425126850605011e+00, -9.578314781188964844e+00, -6.254347801208496094e+00, 1.794325216906145215e-04, -1.009839630126953125e+01, -1.694782849214971066e+01, -4.285850503947585821e-03, 0.000000000000000000e+00, -1.886131081049097702e+01
6.655425127595663071e+00, -9.771215438842773438e+00, -5.647186756134033203e+00, 5.137540574651211500e-05, -1.057882499694824219e+01, -1.724846669100224972e+01, -4.009857249911874533e-03, 0.000000000000000000e+00, -1.630393550915039214e+01
6.705425128340721130e+00, -9.882679939270019531e+00, -4.882467746734619141e+00, -2.348699053982272744e-04, -1.106366825103759766e+01, -1.751821537874639034e+01, -3.550720808561891317e-03, 5.032362341880798340e-01, -1.027950651664650650e+01
6.755425129085779190e+00, -9.899633407592773438e+00, -4.206975936889648438e+00, -5.437135114334523678e-04, -1.154851722717285156e+01, -1.775642987154424191e+01, -2.990913984831422567e-03, 1.000000000000000000e+00, -2.917019779444956384e+00
6.805425129830837250e+00, -9.805002212524414062e+00, -3.901353120803833008e+00, -6.077325670048594475e-04, -1.202988862991333008e+01, -1.797549839876592159e+01, -2.503663010429590940e-03, 1.000000000000000000e+00, -2.622242015900769729e+01
6.855425130575895309e+00, -9.636188507080078125e+00, -3.984015464782714844e+00, -5.069841281510889530e-04, -1.250606393814086914e+01, -1.818951054476201534e+01, -2.185403078328818083e-03, 1.000000000000000000e+00, -7.303080135333232192e+00
6.905425131320953369e+00, -9.745995521545410156e+00, -3.567097187042236328e+00, -3.651773149613291025e-04, -1.298433113098144531e+01, -1.839048405550420284e+01, -2.034951408859342337e-03, 1.000000000000000000e+00, -8.906501901973683744e+00
6.955425132066011429e+00, -9.923341751098632812e+00, -3.362838745117187500e+00, -3.625265380833297968e-04, -1.347120380401611328e+01, -1.857631321810185909e+01, -2.125550468917936087e-03, 1.000000000000000000e+00, -3.815029324528313737e+01
7.005425132811069489e+00, -1.017761993408203125e+01, -3.064668893814086914e+00, -2.524145820643752813e-04, -1.397006988525390625e+01, -1.874926587007939816e+01, -2.415886789094656706e-03, 1.000000000000000000e+00, -9.207431862565954361e+00
7.055425133556127548e+00, -1.044316864013671875e+01, -2.473559617996215820e+00, -2.154372632503509521e-04, -1.448184537887573242e+01, -1.890178318880498409e+01, -2.742577518802136183e-03, 1.000000000000000000e+00, -4.566353285318371036e+00
7.105425134301185608e+00, -1.072041606903076172e+01, -2.272703409194946289e+00, -2.073895884677767754e-04, -1.500704336166381836e+01, -1.903808041475713253e+01, -3.137360268738120794e-03, 6.888117790222167969e-01, -1.055572784010145426e+00
7.155425135046243668e+00, -1.095772933959960938e+01, -2.362498760223388672e+00, -7.027408719295635819e-05, -1.554593515396118164e+01, -1.917340680025517941e+01, -3.616714791860431433e-03, 0.000000000000000000e+00, -3.687234357454053679e+01
7.205425135791301727e+00, -1.116453933715820312e+01, -2.531092882156372070e+00, 5.017397779738530517e-05, -1.609746384620666504e+01, -1.931111355684697628e+01, -4.079895035829395056e-03, 0.000000000000000000e+00, -1.411158124780433809e+01
7.255425136536359787e+00, -1.140747165679931641e+01, -2.133060216903686523e+00, 8.867692667990922928e-05, -1.666166877746582031e+01, -1.943770237825810909e+01, -4.422645492013543844e-03, 0.000000000000000000e+00, -1.626095639262655368e+01
7.305425137281417847e+00, -1.149870204925537109e+01, -1.456277489662170410e+00, 6.998802746238652617e-06, -1.723252654075622559e+01, -1.953663845919072628e+01, -4.496231151279062033e-03, 0.000000000000000000e+00, -1.103811546063514015e+01
7.355425138026475906e+00, -1.142200279235839844e+01, -7.812367677688598633e-01, -7.950411236379295588e-05, -1.780152237415313721e+01, -1.960662861727178097e+01, -4.283561778720468283e-03, 0.000000000000000000e+00, -2.803320489759903467e+01
7.405425138771533966e+00, -1.128927707672119141e+01, -4.507734179496765137e-01, -7.681519491598010063e-05, -1.836490833759307861e+01, -1.965723057650029659e+01, -3.926887584384530783e-03, 0.000000000000000000e+00, -2.943829833984153765e+00
7.455425139516592026e+00, -1.104495716094970703e+01, 1.947028338909149170e-01, -5.927051461185328662e-05, -1.891888266801834106e+01, -1.968345471285283566e+01, -3.426209033932536840e-03, 2.865643203258514404e-01, 1.313606748609302599e+00
7.505425140261650085e+00, -1.083552742004394531e+01, 2.539372146129608154e-01, -4.826694566872902215e-05, -1.946189926192164421e+01, -1.969213887117803097e+01, -2.919007267337292433e-03, 1.000000000000000000e+00, 2.908759358890364410e+00
7.555425141006708145e+00, -1.062712955474853516e+01, -6.913070380687713623e-02, 1.384885690640658140e-04, -1.999578422307968140e+01, -1.970797177217900753e+01, -2.496796601917594671e-03, 1.000000000000000000e+00, -3.151520594192675162e+01
7.605425141751766205e+00, -1.061627769470214844e+01, -2.721085548400878906e-01, 1.983121183002367616e-04, -2.052677178382873535e+01, -1.972731037996709347e+01, -2.293893077876418829e-03, 1.000000000000000000e+00, -1.940545496438357986e+01
7.655425142496824265e+00, -1.055922508239746094e+01, 2.516691982746124268e-01, 1.313181419391185045e-04, -2.105601251125335693e+01, -1.973074932955205441e+01, -2.240296627860516310e-03, 1.000000000000000000e+00, -2.183788478778978970e+01
7.705425143241882324e+00, -1.037629222869873047e+01, 9.842151999473571777e-01, 6.865310751891229302e-06, -2.157850193977355957e+01, -1.970500393770635128e+01, -2.168275124859064817e-03, 1.000000000000000000e+00, -3.725519191480952941e+01
7.755425143986940384e+00, -1.008223438262939453e+01, 1.755360960960388184e+00, -1.224313746206462383e-04, -2.208815264701843262e+01, -1.964817067049443722e+01, -1.991311262827366590e-03, 1.000000000000000000e+00, -6.610813239911465189e+00
7.805425144731998444e+00, -9.670767784118652344e+00, 2.547581672668457031e+00, -2.211965038441121578e-04, -2.258094453811645508e+01, -1.956033535860478878e+01, -1.717454229947179556e-03, 1.000000000000000000e+00, 4.984606408196100347e+00
7.855425145477056503e+00, -9.506772994995117188e+00, 2.902652502059936523e+00, -2.416398638160899282e-04, -2.306076836585998535e+01, -1.944849034212529659e+01, -1.538163691293448210e-03, 1.000000000000000000e+00, 1.377619831617084856e+01
7.905425146222114563e+00, -9.586590766906738281e+00, 2.418970108032226562e+00, 4.124907354707829654e-05, -2.354314184188842773e+01, -1.934213848970830441e+01, -1.620065129827708006e-03, 1.000000000000000000e+00, -1.839644291167178380e+01
7.955425146967172623e+00, -9.582345008850097656e+00, 1.732141017913818359e+00, 2.847196883521974087e-04, -2.402513456344604492e+01, -1.925603123567998409e+01, -1.661759743001312017e-03, 1.000000000000000000e+00, -1.143022636169268935e+01
8.005425147712230682e+00, -9.512468338012695312e+00, 1.867855787277221680e+00, 2.521094575058668852e-04, -2.450352478027343750e+01, -1.917281742952764034e+01, -1.732178905513137579e-03, 1.000000000000000000e+00, -2.188845962139271251e+01
8.055425148457288742e+00, -9.267347335815429688e+00, 2.490579366683959961e+00, 1.088151693693362176e-04, -2.497244167327880859e+01, -1.906367894075810909e+01, -1.821938843932002783e-03, 1.000000000000000000e+00, -1.777927264507570726e+01
8.105425149202346802e+00, -8.690085411071777344e+00, 3.029030323028564453e+00, -2.238853994640521705e-05, -2.541900110244750977e+01, -1.893285962007939816e+01, -1.620408322196453810e-03, 1.000000000000000000e+00, -5.685797071642446099e+01
8.155425149947404861e+00, -8.293540954589843750e+00, 3.505217790603637695e+00, -1.202764251502230763e-04, -2.584396266937255859e+01, -1.878265782259404659e+01, -1.345902855973690748e-03, 1.000000000000000000e+00, -5.322844252991558278e+00
8.205425150692462921e+00, -7.869274616241455078e+00, 4.107004642486572266e+00, -1.639092806726694107e-04, -2.625166749954223633e+01, -1.861079808138310909e+01, -1.166116388048976660e-03, 1.000000000000000000e+00, 4.005247327752016417e+00
8.255425151437520981e+00, -7.892074584960937500e+00, 4.245268344879150391e+00, -1.454301673220470548e-04, -2.665219116210937500e+01, -1.842280789278447628e+01, -1.259843294974416494e-03, 1.000000000000000000e+00, 9.733059239530803097e+00
8.305425152182579041e+00, -8.200735092163085938e+00, 3.746289014816284180e+00, 1.029033737722784281e-04, -2.706433010101318359e+01, -1.824452420137822628e+01, -1.620294002350419760e-03, 1.000000000000000000e+00, 8.483442391450282116e-01
8.355425152927637100e+00, -8.476752281188964844e+00, 3.209303617477416992e+00, 2.310367854079231620e-04, -2.748680973052978516e+01, -1.808238430880010128e+01, -1.986390387173742056e-03, 1.000000000000000000e+00, -1.355997906354707538e+01
8.405425153672695160e+00, -8.622523307800292969e+00, 3.365058422088623047e+00, 1.723192981444299221e-04, -2.791633987426757812e+01, -1.791818257234990597e+01, -2.447930339258164167e-03, 1.000000000000000000e+00, -2.186237424749629099e+01
8.455425154417753220e+00, -8.486043930053710938e+00, 3.963932752609252930e+00, 9.003092418424785137e-05, -2.834479522705078125e+01, -1.773255558870732784e+01, -2.905999019276350737e-03, 1.000000000000000000e+00, -1.920352279454368727e+01
8.505425155162811279e+00, -8.180548667907714844e+00, 4.641995906829833984e+00, -5.091771981824422255e-06, -2.876370334625244141e+01, -1.752099629305303097e+01, -3.200493229087442160e-03, 1.000000000000000000e+00, -4.277802299125914942e+01
8.555425155907869339e+00, -7.910615444183349609e+00, 5.250627994537353516e+00, -1.065458054654300213e-04, -2.917118740081787109e+01, -1.728486843965947628e+01, -3.375015628989785910e-03, 1.000000000000000000e+00, -2.248861358332391092e+00
8.605425156652927399e+00, -7.491395473480224609e+00, 5.900286197662353516e+00, -1.729486102703958750e-04, -2.956540966033935547e+01, -1.702391453646123409e+01, -3.451996424701064825e-03, 1.000000000000000000e+00, 9.069786871388259897e+00
8.655425157397985458e+00, -7.544157505035400391e+00, 6.194926738739013672e+00, -1.829986576922237873e-04, -2.995352745056152344e+01, -1.674216290377080441e+01, -3.612137341406196356e-03, 1.000000000000000000e+00, 1.686207259693696869e+01
8.705425158143043518e+00, -8.012700080871582031e+00, 5.844738006591796875e+00, 5.032654371461831033e-05, -3.035850429534912109e+01, -1.646216603182256222e+01, -3.913879801984876394e-03, 1.000000000000000000e+00, -1.491864339829635355e+01
8.755425158888101578e+00, -8.458500862121582031e+00, 5.337959289550781250e+00, 2.022978296736255288e-04, -3.078003787994384766e+01, -1.619496365450322628e+01, -4.101486352737993002e-03, 1.000000000000000000e+00, -9.028734325785194414e+00
8.805425159633159637e+00, -8.607415199279785156e+00, 5.550386905670166016e+00, 1.567388535477221012e-04, -3.121094131469726562e+01, -1.592556973360478878e+01, -4.315795784350484610e-03, 1.000000000000000000e+00, -1.906093568478308953e+01
8.855425160378217697e+00, -8.427786827087402344e+00, 6.131192684173583984e+00, 6.811913772253319621e-05, -3.163779163360595703e+01, -1.563140793703496456e+01, -4.554252547677606344e-03, 1.000000000000000000e+00, -1.627979026622995207e+01
8.905425161123275757e+00, -8.050595283508300781e+00, 6.765054225921630859e+00, -2.269366450491361320e-05, -3.205312919616699219e+01, -1.531182785890996456e+01, -4.670524445828050375e-03, 1.000000000000000000e+00, -3.050115372100208333e+01
8.955425161868333817e+00, -7.736203670501708984e+00, 7.324573040008544922e+00, -1.138306688517332077e-04, -3.245517921447753906e+01, -1.496864434145390987e+01, -4.697456432040780783e-03, 1.000000000000000000e+00, -3.747903752502175223e-01
9.005425162613391876e+00, -7.228151798248291016e+00, 7.911354064941406250e+00, -1.733872195472940803e-04, -3.284115123748779297e+01, -1.460205384157598019e+01, -4.635200311895459890e-03, 1.000000000000000000e+00, 1.034410870582200914e+01
9.055425163358449936e+00, -7.232937335968017578e+00, 8.211802482604980469e+00, -1.866983075160533190e-04, -3.321760463714599609e+01, -1.421534272097051144e+01, -4.641914216335862875e-03, 9.497663974761962891e-01, -1.099677815387269675e+01
9.105425164103507996e+00, -7.755471229553222656e+00, 7.903478145599365234e+00, 5.309173866407945752e-05, -3.361062812805175781e+01, -1.382894726656377316e+01, -4.746665654238313437e-03, 4.775015413761138916e-01, 4.448227993613272702e+00
9.155425164848566055e+00, -7.737412452697753906e+00, 8.217514038085937500e+00, 1.546601852169260383e-04, -3.401022815704345703e+01, -1.343524475954473019e+01, -4.841270332690328360e-03, 0.000000000000000000e+00, -2.710646430753996583e+00
9.205425165593624115e+00, -8.050308227539062500e+00, 8.193345069885253906e+00, 1.080904985428787768e-04, -3.441289424896240234e+01, -1.302973099611699581e+01, -4.965019354131072760e-03, 0.000000000000000000e+00, -7.383665978815429298e+00
9.255425166338682175e+00, -7.963330745697021484e+00, 8.494557380676269531e+00, 8.072461059782654047e-05, -3.481698608398437500e+01, -1.261359330080449581e+01, -5.056381167378276587e-03, 0.000000000000000000e+00, -4.281451831523099827e+01
9.305425167083740234e+00, -7.602201461791992188e+00, 8.795238494873046875e+00, 1.874611189123243093e-05, -3.520868873596191406e+01, -1.218318577669560909e+01, -4.980544967111200094e-03, 0.000000000000000000e+00, -1.356341601600183822e+01
9.355425167828798294e+00, -6.973469257354736328e+00, 9.043635368347167969e+00, -4.706551771960221231e-05, -3.557744598388671875e+01, -1.174299641512334347e+01, -4.623489396180957556e-03, 0.000000000000000000e+00, -7.863306514703083394e+00
9.405425168573856354e+00, -6.395026683807373047e+00, 9.139680862426757812e+00, -1.026554673444479704e-04, -3.591923332214355469e+01, -1.129848118685185909e+01, -4.045753681566566229e-03, 1.149542629718780518e-01, -5.073618574292959238e+01
9.455425169318914413e+00, -6.114482879638671875e+00, 8.991132736206054688e+00, -7.498444756492972374e-05, -3.624378204345703125e+01, -1.085823841951787472e+01, -3.408356045838445425e-03, 1.000000000000000000e+00, -5.616467951529386937e+00
9.505425170063972473e+00, -5.483912944793701172e+00, 8.987250328063964844e+00, -5.080330083728767931e-05, -3.654437065124511719e+01, -1.042091294191777706e+01, -2.714348665904253721e-03, 1.000000000000000000e+00, -2.870058961325383962e+00
9.555425170809030533e+00, -5.256910800933837891e+00, 8.766347885131835938e+00, -4.618828461389057338e-05, -3.682463645935058594e+01, -9.989546021446585655e+00, -2.074815041851252317e-03, 1.000000000000000000e+00, -1.663894136694096915e+00
9.605425171554088593e+00, -5.179398059844970703e+00, 8.515365600585937500e+00, 3.369723344803787768e-05, -3.709719848632812500e+01, -9.568531235679984093e+00, -1.584626676049083471e-03, 1.000000000000000000e+00, -6.720518258872687056e+00
9.655425172299146652e+00, -5.104904174804687500e+00, 8.370830535888671875e+00, 6.398087862180545926e-05, -3.736217308044433594e+01, -9.153800209984183311e+00, -1.288835133891552687e-03, 1.000000000000000000e+00, -1.193993319076162152e+01
9.705425173044204712e+00, -4.769124031066894531e+00, 8.506843566894531250e+00, 4.407147935125976801e-05, -3.761385536193847656e+01, -8.735911568626761436e+00, -1.230355759616941214e-03, 1.000000000000000000e+00, -4.201724130919365052e+01
9.755425173789262772e+00, -4.291042804718017578e+00, 8.753321647644042969e+00, -2.936827286248444580e-06, -3.784653091430664062e+01, -8.308457573875784874e+00, -1.355210726615041494e-03, 1.000000000000000000e+00, -1.111075354714341756e+01
9.805425174534320831e+00, -3.644625663757324219e+00, 9.018087387084960938e+00, -6.234083411982282996e-05, -3.805549240112304688e+01, -7.870335778221487999e+00, -1.538087322842329741e-03, 1.000000000000000000e+00, -3.176479701195916050e+00
9.855425175279378891e+00, -3.412361383438110352e+00, 9.131619453430175781e+00, -8.455774514004588127e-05, -3.824772071838378906e+01, -7.424410065636038780e+00, -1.777382974978536367e-03, 1.000000000000000000e+00, -5.574804890517589229e+01
9.905425176024436951e+00, -3.614331007003784180e+00, 9.042000770568847656e+00, 3.453632598393596709e-05, -3.844157981872558594e+01, -6.978644093498587608e+00, -2.034188422840088606e-03, 1.000000000000000000e+00, -8.466763393158714734e+00
9.955425176769495010e+00, -3.251523256301879883e+00, 9.142417907714843750e+00, 8.278420136775821447e-05, -3.862605094909667969e+01, -6.529717167839407921e+00, -2.221299277152866125e-03, 1.000000000000000000e+00, -9.846723794612898928e+00
1.000542517751455307e+01, -3.001703023910522461e+00, 9.208862304687500000e+00, 3.817875403910875320e-05, -3.879463005065917969e+01, -6.076339444145560265e+00, -2.357636287342756987e-03, 1.000000000000000000e+00, -7.980714166563302570e+00
1.005542517825961113e+01, -2.673300743103027344e+00, 9.281767845153808594e+00, 1.273896486964076757e-05, -3.894859504699707031e+01, -5.619219025596976280e+00, -2.462311589624732733e-03, 1.000000000000000000e+00, -6.130096244256492355e+00
1.010542517900466919e+01, -2.491584300994873047e+00, 9.320963859558105469e+00, 8.467216503049712628e-06, -3.909146308898925781e+01, -5.159253319725394249e+00, -2.561112341936677694e-03, 1.000000000000000000e+00, -5.528574802911577990e+00
1.015542517974972725e+01, -2.394033670425415039e+00, 9.340383529663085938e+00, 2.877709448512177914e-05, -3.922700119018554688e+01, -4.697196682915091515e+00, -2.660828584339469671e-03, 1.000000000000000000e+00, -6.828498021578923272e+00
1.020542518049478531e+01, -2.271487236022949219e+00, 9.363056182861328125e+00, 3.966623989981599152e-05, -3.935512542724609375e+01, -4.233204087242484093e+00, -2.750893530901521444e-03, 1.000000000000000000e+00, -8.560946842771500087e+00
1.025542518123984337e+01, -2.030097246170043945e+00, 9.401419639587402344e+00, 2.717518873396329582e-05, -3.947229766845703125e+01, -3.767070254310965538e+00, -2.816887747030705214e-03, 1.000000000000000000e+00, -2.297522085834521022e+01
1.030542518198490143e+01, -1.710201978683471680e+00, 9.438115119934082031e+00, 3.547077312759938650e-06, -3.957547950744628906e+01, -3.299036940559744835e+00, -2.851754135917872190e-03, 1.000000000000000000e+00, -8.650681551194736585e+00
1.035542518272995949e+01, -1.135623574256896973e+00, 9.597462654113769531e+00, -3.209532587788999081e-05, -3.965853881835937500e+01, -2.826498469337821007e+00, -2.910309645812958479e-03, 1.000000000000000000e+00, -1.382791010824894329e+01
1.040542518347501755e+01, -1.001007080078125000e+00, 9.880862236022949219e+00, -5.307266474119387567e-05, -3.972812080383300781e+01, -2.340799292549490929e+00, -3.207359870430082083e-03, 1.000000000000000000e+00, -2.992290498517900232e+01
1.045542518422007561e+01, -5.570091009140014648e-01, 1.013460159301757812e+01, -3.514657510095275939e-05, -3.978341102600097656e+01, -1.841352662071585655e+00, -3.583031182643026114e-03, 1.000000000000000000e+00, -1.531990916201166897e+00
1.050542518496513367e+01, 1.554978191852569580e-01, 1.027425670623779297e+01, -8.268884994322434068e-05, -3.981222152709960938e+01, -1.332479676231741905e+00, -3.849639964755624533e-03, 1.000000000000000000e+00, 6.526529152141449686e+00
1.055542518571019173e+01, 2.448373287916183472e-01, 1.053554344177246094e+01, -1.043145821313373744e-04, -3.982314682006835938e+01, -8.127218689769506454e-01, -4.143181198742240667e-03, 1.000000000000000000e+00, 1.137685085514863204e+01
1.060542518645524979e+01, -3.291591107845306396e-01, 1.070126152038574219e+01, 9.664831304689869285e-05, -3.984766197204589844e+01, -2.809713687747716904e-01, -4.453964007552713156e-03, 1.000000000000000000e+00, -3.554649144415225237e+01
1.065542518720030785e+01, -9.465879797935485840e-01, 1.079595661163330078e+01, 1.923240488395094872e-04, -3.989095687866210938e+01, 2.570537719875574112e-01, -4.624404886271804571e-03, 1.000000000000000000e+00, -1.965994173588683225e+01
1.070542518794536591e+01, -7.059368491172790527e-01, 1.106632518768310547e+01, 1.291441294597461820e-04, -3.993290519714355469e+01, 8.060668502002954483e-01, -4.830398538615554571e-03, 3.233044147491455078e-01, -2.865226522727493830e+01
1.075542518869042397e+01, -4.190782830119132996e-02, 1.124296474456787109e+01, 4.290819197194650769e-05, -3.994956207275390625e+01, 1.365788618102669716e+00, -4.997749289032071829e-03, 0.000000000000000000e+00, -2.548830380396907458e+01
1.080542518943548203e+01, 7.748841047286987305e-01, 1.126539993286132812e+01, -5.677230365108698606e-05, -3.993590927124023438e+01, 1.929063836112618446e+00, -4.991836322005838156e-03, 0.000000000000000000e+00, -4.168084763190654485e+01
1.085542519018054008e+01, 1.649077057838439941e+00, 1.111939525604248047e+01, -1.746840134728699923e-04, -3.988869857788085938e+01, 2.487706223502755165e+00, -4.763488599564880133e-03, 0.000000000000000000e+00, -6.445789975727279852e+00
1.090542519092559814e+01, 2.531001091003417969e+00, 1.075657939910888672e+01, -2.736779861152172089e-04, -3.980669593811035156e+01, 3.033577481284737587e+00, -4.308051837142556906e-03, 4.709915816783905029e-01, 6.449975860462018318e+00
1.095542519167065620e+01, 3.058782339096069336e+00, 1.049334049224853516e+01, -3.112274280283600092e-04, -3.969532775878906250e+01, 3.564522782340645790e+00, -3.780098573770374060e-03, 9.034586548805236816e-01, -1.342506277270979353e+01
1.100542519241571426e+01, 2.716943025588989258e+00, 1.047088146209716797e+01, -5.782116932095959783e-05, -3.958230018615722656e+01, 4.092725554481148720e+00, -3.411407989915460348e-03, 1.000000000000000000e+00, 9.359868787813752533e+00
1.105542519316077232e+01, 2.959086656570434570e+00, 1.030272960662841797e+01, 1.582835539011284709e-04, -3.946471595764160156e+01, 4.615923205390572548e+00, -3.070946491789072752e-03, 1.000000000000000000e+00, 3.571518270327032951e+00
1.110542519390583038e+01, 2.733504772186279297e+00, 1.034848117828369141e+01, 1.638139365240931511e-04, -3.933941650390625000e+01, 5.135830203071236610e+00, -2.875061880331486464e-03, 1.000000000000000000e+00, -1.651443267924648239e+00
1.115542519465088844e+01, 2.532860755920410156e+00, 1.048952770233154297e+01, 2.123097219737246633e-04, -3.921896934509277344e+01, 5.660011092200875282e+00, -2.874871192034333944e-03, 1.000000000000000000e+00, -1.391663667872148835e+01
1.120542519539594650e+01, 2.858651638031005859e+00, 1.057551288604736328e+01, 1.510749716544523835e-04, -3.908564567565917969e+01, 6.188456336036324501e+00, -3.075523942243307829e-03, 7.800649404525756836e-01, -4.395450589812026010e+01
1.125542519614100456e+01, 3.427423715591430664e+00, 1.054456043243408203e+01, 6.104405474616214633e-05, -3.893079566955566406e+01, 6.718834677711129189e+00, -3.358154965098947287e-03, 2.908543348312377930e-01, -1.928042916919912386e+01
1.130542519688606262e+01, 4.172892570495605469e+00, 1.031558036804199219e+01, -5.057445741840638220e-05, -3.874691772460937500e+01, 7.242913046851754189e+00, -3.540192206855863333e-03, 1.341435611248016357e-01, -3.653047163494920824e+01
1.135542519763112068e+01, 4.872986316680908203e+00, 1.004567337036132812e+01, -1.608770980965346098e-04, -3.853390884399414062e+01, 7.756041327491402626e+00, -3.597908595111221075e-03, 0.000000000000000000e+00, -3.615089074644487255e+00
1.140542519837617874e+01, 5.578632831573486328e+00, 9.566972732543945312e+00, -2.320474886801093817e-04, -3.829270362854003906e+01, 8.253113547340035439e+00, -3.493919910397380590e-03, 3.000610470771789551e-01, 7.286480020055137174e+00
1.145542519912123680e+01, 5.853869915008544922e+00, 9.355681419372558594e+00, -2.372536982875317335e-04, -3.803053283691406250e+01, 8.734701910987496376e+00, -3.320847114082425833e-03, 4.267116189002990723e-01, 1.522900594190787160e+01
1.150542519986629486e+01, 5.381548881530761719e+00, 9.489034652709960938e+00, 5.711557241738773882e-05, -3.777486991882324219e+01, 9.217700758948922157e+00, -3.171959368046373129e-03, 8.740038871765136719e-01, -2.746743558489242787e+01
1.155542520061135292e+01, 4.754937171936035156e+00, 9.609640121459960938e+00, 2.779878559522330761e-04, -3.753747940063476562e+01, 9.701920310035347939e+00, -2.904015535023063421e-03, 1.000000000000000000e+00, -1.205555560919958680e+01
1.160542520135641098e+01, 4.860311508178710938e+00, 9.493337631225585938e+00, 2.424217527732253075e-04, -3.730302238464355469e+01, 1.018155840970575809e+01, -2.691842091735452414e-03, 1.000000000000000000e+00, -2.269414803398399272e+01
1.165542520210146904e+01, 5.419022560119628906e+00, 9.153965950012207031e+00, 9.863162995316088200e-05, -3.704603004455566406e+01, 1.064756945706903934e+01, -2.623520733322948217e-03, 1.000000000000000000e+00, -2.044948951045535068e+01
1.170542520284652710e+01, 6.077172279357910156e+00, 8.686161994934082031e+00, -4.037184044136665761e-05, -3.676320075988769531e+01, 1.109580401517450809e+01, -2.600327308755367994e-03, 1.000000000000000000e+00, -2.793973439396586400e+01
1.175542520359158516e+01, 6.707579135894775391e+00, 8.232340812683105469e+00, -1.635088119655847549e-04, -3.645501708984375000e+01, 1.152480486966669559e+01, -2.602616266813129187e-03, 1.000000000000000000e+00, -1.208990009979913793e+00
1.180542520433664322e+01, 7.345180034637451172e+00, 7.661324977874755859e+00, -2.413347247056663036e-04, -3.612151527404785156e+01, 1.193323210813105106e+01, -2.609291987027972937e-03, 1.000000000000000000e+00, 1.093271836690553300e+01
1.185542520508170128e+01, 7.710598468780517578e+00, 7.605334281921386719e+00, -2.377113851252943277e-04, -3.576552009582519531e+01, 1.233003882504999638e+01, -2.790337370242923498e-03, 1.000000000000000000e+00, -2.221628595149098828e+00
1.190542520582675934e+01, 7.459620952606201172e+00, 8.088131904602050781e+00, 7.130388257792219520e-05, -3.540653133392333984e+01, 1.274200324155390263e+01, -3.186035843100398779e-03, 4.606835842132568359e-01, 9.069346691134569483e+00
1.195542520657181740e+01, 7.651527404785156250e+00, 8.280117034912109375e+00, 2.419068478047847748e-04, -3.504011058807373047e+01, 1.316443232633173466e+01, -3.613548760768026114e-03, 0.000000000000000000e+00, 9.232413786969786429e-01
1.200542520731687546e+01, 7.440981864929199219e+00, 8.704790115356445312e+00, 2.338019694434478879e-04, -3.466952610015869141e+01, 1.359807089902460575e+01, -4.007835814263671637e-03, 0.000000000000000000e+00, -9.307654230611774437e+00
1.205542520806193352e+01, 7.621048927307128906e+00, 8.758252143859863281e+00, 1.775254786480218172e-04, -3.429268169403076172e+01, 1.403790740109980106e+01, -4.321517830248922110e-03, 0.000000000000000000e+00, -4.590640282969798136e+01
1.210542520880699158e+01, 8.011567115783691406e+00, 8.284580230712890625e+00, 6.937777652638033032e-05, -3.390106296539306641e+01, 1.446265105344355106e+01, -4.353751835878938437e-03, 0.000000000000000000e+00, -1.843713976659591935e+01
1.215542520955204964e+01, 8.422867774963378906e+00, 7.639651298522949219e+00, -4.159233867540024221e-05, -3.349387741088867188e+01, 1.486260966397821903e+01, -4.124755912926048040e-03, 0.000000000000000000e+00, -1.066137957602165898e+01
1.220542521029710770e+01, 8.778121948242187500e+00, 6.986712932586669922e+00, -1.477186015108600259e-04, -3.307332324981689453e+01, 1.523464659787714481e+01, -3.738899657037109137e-03, 0.000000000000000000e+00, -2.686709021756655602e+01
1.225542521104216576e+01, 8.933353424072265625e+00, 6.742088317871093750e+00, -1.522382663097232580e-04, -3.264400959014892578e+01, 1.559088400937616825e+01, -3.441696928348392248e-03, 0.000000000000000000e+00, 1.616960699455233907e+00
1.230542521178722382e+01, 9.216585159301757812e+00, 6.183214664459228516e+00, -1.115994382416829467e-04, -3.220411872863769531e+01, 1.592854003049433231e+01, -3.175888617988675833e-03, 7.489104568958282471e-02, 6.839876472520586503e+00
1.235542521253228188e+01, 9.198845863342285156e+00, 6.172806739807128906e+00, -8.087718015303835273e-05, -3.175699710845947266e+01, 1.625249461270868778e+01, -2.999955031555145979e-03, 1.502649039030075073e-01, 9.347740883051528726e+00
1.240542521327733994e+01, 8.793807983398437500e+00, 6.583162307739257812e+00, 1.387364900438115001e-04, -3.131993865966796875e+01, 1.658722857572138309e+01, -2.885361609514802694e-03, 4.858766794204711914e-01, -3.318780120096971586e+01
1.245542521402239799e+01, 8.434685707092285156e+00, 6.906135559082031250e+00, 2.012108016060665250e-04, -3.089515686035156250e+01, 1.693078211881220341e+01, -2.752495638560503721e-03, 7.872207760810852051e-01, -2.128491616719998092e+01
1.250542521476745605e+01, 8.647135734558105469e+00, 6.562829017639160156e+00, 1.289534120587632060e-04, -3.046735858917236328e+01, 1.726640299893915653e+01, -2.698098018299788237e-03, 9.515084624290466309e-01, -2.753318307719246150e+01
1.255542521551251411e+01, 8.954300880432128906e+00, 5.915680885314941406e+00, 2.986410072480794042e-05, -3.002700519561767578e+01, 1.757676486112177372e+01, -2.622872299980372190e-03, 1.000000000000000000e+00, -5.072882576219490147e+01
1.260542521625757217e+01, 9.124088287353515625e+00, 5.091596126556396484e+00, -8.141114085447043180e-05, -2.958086872100830078e+01, 1.785532549954950809e+01, -2.353974326979368925e-03, 1.000000000000000000e+00, -1.450198462498678964e+01
1.265542521700263023e+01, 9.280804634094238281e+00, 4.169819355010986328e+00, -1.982358371606096625e-04, -2.913151741027832031e+01, 1.809733180142939091e+01, -1.946145377587527037e-03, 1.000000000000000000e+00, -2.221296634566783723e+00
1.270542521774768829e+01, 9.474874496459960938e+00, 3.652214288711547852e+00, -2.623692853376269341e-04, -2.867604732513427734e+01, 1.831039027310907841e+01, -1.699906715657562017e-03, 1.000000000000000000e+00, 8.333905101469611054e+00
1.275542521849274635e+01, 9.465606689453125000e+00, 3.950376510620117188e+00, -6.897730054333806038e-05, -2.821430397033691406e+01, 1.852434519864618778e+01, -1.853638968896120787e-03, 1.000000000000000000e+00, -2.108947822072377676e+01
1.280542521923780441e+01, 9.228827476501464844e+00, 4.524866580963134766e+00, 1.928008132381364703e-04, -2.775573635101318359e+01, 1.875529078580439091e+01, -2.116318966727703810e-03, 1.000000000000000000e+00, -1.074255736806776440e+01
1.285542521998286247e+01, 9.463824272155761719e+00, 4.346578121185302734e+00, 2.128055639332160354e-04, -2.729123163223266602e+01, 1.898656443692743778e+01, -2.450028376188129187e-03, 1.000000000000000000e+00, -1.924735723762682937e+01
1.290542522072792053e+01, 9.790786743164062500e+00, 3.810941934585571289e+00, 8.974486991064622998e-05, -2.681101989746093750e+01, 1.919500140286982059e+01, -2.785836055409163237e-03, 1.000000000000000000e+00, -4.995699993670268668e+01
1.295542522147297859e+01, 1.007317447662353516e+01, 3.130352020263671875e+00, -2.915850018325727433e-05, -2.631788253784179688e+01, 1.937805346585810184e+01, -3.037034010048955679e-03, 1.000000000000000000e+00, -1.076689036559878332e+01
1.300542522221803665e+01, 1.025440692901611328e+01, 2.266979217529296875e+00, -1.549271692056208849e-04, -2.581633329391479492e+01, 1.952811602689325809e+01, -3.100052650552242994e-03, 1.000000000000000000e+00, 2.359433797075229933e-01
1.305542522296309471e+01, 1.049691963195800781e+01, 1.943617701530456543e+00, -2.168294013245031238e-04, -2.530504703521728516e+01, 1.965378359891474247e+01, -3.215142001863569021e-03, 1.000000000000000000e+00, 8.414905569716836453e+00
1.310542522370815277e+01, 1.059257888793945312e+01, 2.390215635299682617e+00, 2.006196336878929287e-05, -2.478333044052124023e+01, 1.978803805448114872e+01, -3.530426358338445425e-03, 9.881940484046936035e-01, 1.335021856952721464e+00
1.315542522445321083e+01, 1.060257148742675781e+01, 2.923040390014648438e+00, 2.073133073281496763e-04, -2.425609207153320312e+01, 1.993739298917353153e+01, -3.818321449216455221e-03, 4.837759137153625488e-01, -1.291764133448407392e+01
1.320542522519826889e+01, 1.084222412109375000e+01, 2.969649314880371094e+00, 1.936780463438481092e-04, -2.371918487548828125e+01, 2.009052828885614872e+01, -4.124412720557302237e-03, 0.000000000000000000e+00, -3.511197720737663985e+01
1.325542522594332695e+01, 1.112448120117187500e+01, 2.404607534408569336e+00, 9.468407370150089264e-05, -2.316828918457031250e+01, 2.022608546353876591e+01, -4.392700211610645056e-03, 0.000000000000000000e+00, -3.579635945223526505e+01
1.330542522668838501e+01, 1.125462150573730469e+01, 1.617655277252197266e+00, -3.108460077783092856e-05, -2.260948896408081055e+01, 2.033171061612665653e+01, -4.445762780960649252e-03, 0.000000000000000000e+00, -1.809655916149290533e+01
1.335542522743344307e+01, 1.114731311798095703e+01, 7.149444222450256348e-01, -1.613920176168903708e-04, -2.205354690551757812e+01, 2.040231112577021122e+01, -4.173812863882631063e-03, 0.000000000000000000e+00, -2.759508994462498777e+01
1.340542522817850113e+01, 1.098509216308593750e+01, 1.001994684338569641e-01, -2.338782505830749869e-04, -2.150601911544799805e+01, 2.044279460050165653e+01, -3.717003331985324621e-03, 5.066975951194763184e-01, 9.708657268257425699e-01
1.345542522892355919e+01, 1.065084457397460938e+01, -6.339908242225646973e-01, -2.156089030904695392e-04, -2.097104585170745850e+01, 2.045463923551142216e+01, -3.114319581072777510e-03, 1.000000000000000000e+00, 8.810788773825265707e+00
1.350542522966861725e+01, 1.036459159851074219e+01, -8.653831481933593750e-01, -1.782692415872588754e-04, -2.045110118389129639e+01, 2.044365862943232059e+01, -2.489624952431768179e-03, 1.000000000000000000e+00, -3.774996286460691408e+01
1.355542523041367531e+01, 1.012631797790527344e+01, -3.653350472450256348e-01, 1.004623773042112589e-04, -1.994132632017135620e+01, 2.043991450406610966e+01, -2.006875292863696814e-03, 1.000000000000000000e+00, -7.391561320960562398e-01
1.360542523115873337e+01, 9.930500030517578125e+00, -5.355719327926635742e-01, 2.194611006416380405e-04, -1.944166305544786155e+01, 2.043415812589228153e+01, -1.624528260435909033e-03, 1.000000000000000000e+00, -8.270384065926691619e+00
1.365542523190379143e+01, 9.866404533386230469e+00, -5.091257095336914062e-01, 1.599426759639754891e-04, -1.894742795825004578e+01, 2.041930369473993778e+01, -1.472588803153485060e-03, 1.000000000000000000e+00, -1.254836243715408273e+01
1.370542523264884949e+01, 9.839047431945800781e+00, -9.438725709915161133e-01, 1.012061256915330887e-04, -1.845440822839736938e+01, 2.038931826688349247e+01, -1.551705820020288229e-03, 1.000000000000000000e+00, -1.341717394982197220e+01
1.375542523339390755e+01, 9.778146743774414062e+00, -1.543407082557678223e+00, 4.824787993129575625e-06, -1.796363222599029541e+01, 2.033408335782587528e+01, -1.738168008159846067e-03, 1.000000000000000000e+00, -7.920161740029868724e+00
1.380542523413896561e+01, 9.752604484558105469e+00, -2.062726020812988281e+00, -6.102498446125537157e-05, -1.747402107715606689e+01, 2.025595454312860966e+01, -2.000199572648853064e-03, 1.000000000000000000e+00, -1.455797487525344991e+00
1.385542523488402367e+01, 9.892820358276367188e+00, -2.194539785385131836e+00, -2.580212640168610960e-05, -1.697917222976684570e+01, 2.016669253446161747e+01, -2.394905954133719206e-03, 1.000000000000000000e+00, -2.694844011800569206e+01
1.390542523562908173e+01, 1.010011959075927734e+01, -2.011384487152099609e+00, 8.081996929831802845e-05, -1.647517490386962891e+01, 2.007780818082392216e+01, -2.852745994459837675e-03, 1.000000000000000000e+00, -8.225993660580002143e+00
1.395542523637413979e+01, 1.016939163208007812e+01, -2.415639638900756836e+00, 9.649575804360210896e-05, -1.596472644805908203e+01, 1.997737483121454716e+01, -3.274117072578519583e-03, 1.000000000000000000e+00, -9.806411836640450019e+00
1.400542523711919785e+01, 1.025715827941894531e+01, -2.788172245025634766e+00, 3.003573510795831680e-05, -1.545059061050415039e+01, 1.985724619962275028e+01, -3.638611582573503256e-03, 1.000000000000000000e+00, -7.076352361463477791e+00
1.405542523786425591e+01, 1.031390762329101562e+01, -3.214867830276489258e+00, -1.333014461124548689e-05, -1.493240880966186523e+01, 1.971854762174189091e+01, -3.954277315642684698e-03, 1.000000000000000000e+00, -6.058935995149704468e+01
1.410542523860931396e+01, 1.033133602142333984e+01, -3.402372121810913086e+00, -1.468413665861589834e-05, -1.441072750091552734e+01, 1.956698397733271122e+01, -4.176178423222154379e-03, 1.000000000000000000e+00, -9.536047283569246247e+00
1.415542523935437202e+01, 1.007477188110351562e+01, -3.903264999389648438e+00, -2.494396176189184189e-05, -1.389714622497558594e+01, 1.939813784696161747e+01, -4.124832281377166510e-03, 1.000000000000000000e+00, -6.482523643746446851e+00
1.420542524009943008e+01, 9.949054718017578125e+00, -4.157195568084716797e+00, -5.229077942203730345e-05, -1.339203453063964844e+01, 1.921291903592646122e+01, -3.965034557040780783e-03, 1.000000000000000000e+00, -3.336726435932916957e+00
1.425542524084448814e+01, 9.901482582092285156e+00, -4.253903865814208984e+00, -1.071751194103853777e-05, -1.289020204544067383e+01, 1.901934222318232059e+01, -3.815879987087100744e-03, 1.000000000000000000e+00, -4.458851775328525946e+00
1.430542524158954620e+01, 9.902365684509277344e+00, -4.237580299377441406e+00, 4.573059777612797916e-05, -1.238981056213378906e+01, 1.882150439359247684e+01, -3.690453188028186560e-03, 1.000000000000000000e+00, -8.465573237543878804e+00
1.435542524233460426e+01, 9.815418243408203125e+00, -4.405799865722656250e+00, 5.166146365809254348e-05, -1.189319086074829102e+01, 1.861522463895380497e+01, -3.577309136744588614e-03, 1.000000000000000000e+00, -1.133833403986955091e+01
1.440542524307966232e+01, 9.599424362182617188e+00, -4.770215034484863281e+00, 1.746840098348911852e-05, -1.140486717224121094e+01, 1.839409617520868778e+01, -3.453293291386216879e-03, 1.000000000000000000e+00, -3.761151261476607033e+01
1.445542524382472038e+01, 9.308940887451171875e+00, -5.191567420959472656e+00, -3.823596489382907748e-05, -1.092873096466064453e+01, 1.815490893460810184e+01, -3.302269557025283575e-03, 1.000000000000000000e+00, -8.785097684611059776e+00
1.450542524456977844e+01, 8.851246833801269531e+00, -5.718839645385742188e+00, -9.081280586542561650e-05, -1.046934413909912109e+01, 1.789570216275751591e+01, -3.091736405622214079e-03, 1.000000000000000000e+00, -2.196364126133374839e+00
1.455542524531483650e+01, 8.721693992614746094e+00, -5.877698421478271484e+00, -1.035517707350663841e-04, -1.002221775054931641e+01, 1.762255648709833622e+01, -2.934227872174233198e-03, 1.000000000000000000e+00, -2.099165181012517678e+01
1.460542524605989456e+01, 8.997802734375000000e+00, -5.810211181640625000e+00, 3.419306085561402142e-05, -9.569140434265136719e+00, 1.734788683988153934e+01, -3.026200167369097471e-03, 1.000000000000000000e+00, -5.811311341738758074e+00
1.465542524680495262e+01, 8.984735488891601562e+00, -6.293176651000976562e+00, 8.026691648410633206e-05, -9.110173225402832031e+00, 1.705532626248896122e+01, -3.374634252395480871e-03, 6.466960310935974121e-01, -7.665056942933460959e+00
1.470542524755001068e+01, 9.116812705993652344e+00, -6.613896846771240234e+00, 4.302261368138715625e-05, -8.648153305053710938e+00, 1.674239901639521122e+01, -3.825493098702281713e-03, 0.000000000000000000e+00, -7.549586292805713583e+00
1.475542524829506874e+01, 9.114789009094238281e+00, -7.044512271881103516e+00, 2.124432103300932795e-05, -8.183814048767089844e+00, 1.640936450101435184e+01, -4.270133969839662313e-03, 0.000000000000000000e+00, -4.879776959239143252e+01
1.480542524904012680e+01, 9.088884353637695312e+00, -7.424291610717773438e+00, -2.040522986135329120e-06, -7.719512939453125000e+00, 1.605684832669794559e+01, -4.631500167306512594e-03, 0.000000000000000000e+00, -9.143443005118342626e+00
1.485542524978518486e+01, 8.698803901672363281e+00, -7.917122840881347656e+00, -4.380449536256492138e-05, -7.265605926513671875e+00, 1.568374709226191044e+01, -4.757842922117561102e-03, 0.000000000000000000e+00, -5.105577746873223077e+00
1.490542525053024292e+01, 8.450316429138183594e+00, -8.118590354919433594e+00, -7.645285950275138021e-05, -6.826275825500488281e+00, 1.529639605619013309e+01, -4.643058811780065298e-03, 0.000000000000000000e+00, -1.510384402463074593e+00
1.495542525127530098e+01, 8.320449829101562500e+00, -8.073569297790527344e+00, -6.216920155566185713e-06, -6.395647048950195312e+00, 1.490632895566523075e+01, -4.359664802905172110e-03, 0.000000000000000000e+00, -3.691560745222375317e+00
1.500542525202035904e+01, 8.242069244384765625e+00, -7.904489994049072266e+00, 6.625024980166926980e-05, -5.972505569458007812e+00, 1.451921538449823856e+01, -3.956337401177734137e-03, 0.000000000000000000e+00, -9.337801362583718401e+00
1.505542525276541710e+01, 7.945208072662353516e+00, -7.915279865264892578e+00, 7.172342884587123990e-05, -5.563108444213867188e+00, 1.413162211515009403e+01, -3.487358742859214544e-03, 0.000000000000000000e+00, -3.598610008936157101e+01
1.510542525351047516e+01, 7.432290554046630859e+00, -8.073021888732910156e+00, 1.798329867597203702e-05, -5.174960136413574219e+00, 1.373896388150751591e+01, -2.991066721733659506e-03, 5.799303650856018066e-01, -1.312534695859926615e+01
1.515542525425553322e+01, 6.726795673370361328e+00, -8.283637046813964844e+00, -6.369482434820383787e-05, -4.815580368041992188e+00, 1.333915881253778934e+01, -2.453766705002635717e-03, 1.000000000000000000e+00, -7.479611714064731132e+00
1.520542525500059128e+01, 6.212369441986083984e+00, -8.370211601257324219e+00, -1.192275594803504646e-04, -4.482965469360351562e+00, 1.293520716764032841e+01, -1.955415064003318548e-03, 1.000000000000000000e+00, -1.746578268334658901e+00
1.525542525574564934e+01, 6.050401687622070312e+00, -8.315819740295410156e+00, -6.327527808025479317e-05, -4.163472175598144531e+00, 1.253167513944208622e+01, -1.646844379138201475e-03, 1.000000000000000000e+00, -4.217237668542793472e+01
1.530542525649070740e+01, 6.181365966796875000e+00, -8.195400238037109375e+00, 5.126098403707146645e-05, -3.844994544982910156e+00, 1.213011626340448856e+01, -1.593209744896739721e-03, 1.000000000000000000e+00, -1.087786168510024254e+01
1.535542525723576546e+01, 5.883446693420410156e+00, -8.494453430175781250e+00, 8.246000652434304357e-05, -3.534619331359863281e+00, 1.171892432309687138e+01, -1.762086234521120787e-03, 1.000000000000000000e+00, -1.219124378010258170e+01
1.540542525798082352e+01, 5.539394855499267578e+00, -8.868076324462890625e+00, 1.439808147551957518e-05, -3.240449905395507812e+00, 1.129041842557489872e+01, -2.072793140541762114e-03, 1.000000000000000000e+00, -7.838887462975549170e+00
1.545542525872588158e+01, 5.213873386383056641e+00, -9.248465538024902344e+00, -2.828126525855623186e-05, -2.959831237792968750e+00, 1.084449080564081669e+01, -2.475930086802691221e-03, 1.000000000000000000e+00, -3.263632783723693365e+00
1.550542525947093964e+01, 5.198408126831054688e+00, -9.530107498168945312e+00, -8.486286787956487387e-06, -2.683563232421875000e+00, 1.038296488858759403e+01, -2.977982338052242994e-03, 9.783034920692443848e-01, -2.618532193411965636e+00
1.555542526021599770e+01, 5.385000705718994141e+00, -9.710539817810058594e+00, 6.438135460484772921e-05, -2.403244018554687500e+00, 9.908952513709664345e+00, -3.514328447636216879e-03, 8.272130042314529419e-02, -3.170263511118059796e+01
1.560542526096105576e+01, 5.476499080657958984e+00, -9.951804161071777344e+00, 9.786881128093227744e-05, -2.120065689086914062e+00, 9.421459952369332314e+00, -4.019775835331529379e-03, 0.000000000000000000e+00, -1.405163224372768127e+01
1.565542526170611382e+01, 5.120139122009277344e+00, -1.034168529510498047e+01, 5.333965236786752939e-05, -1.845987319946289062e+00, 8.916691580787301064e+00, -4.409408604260534048e-03, 0.000000000000000000e+00, -1.452862074574090911e+01
1.570542526245117188e+01, 4.544689655303955078e+00, -1.068290519714355469e+01, -4.870556585956364870e-05, -1.595100402832031250e+00, 8.395446578040719032e+00, -4.572677367832511663e-03, 0.000000000000000000e+00, -4.867040520922409996e+01
1.575542526319622993e+01, 3.996971368789672852e+00, -1.087362670898437500e+01, -1.173586715594865382e-04, -1.367507934570312500e+00, 7.863735953345894814e+00, -4.522399918641895056e-03, 0.000000000000000000e+00, -5.346656753018805830e+00
1.580542526394128799e+01, 3.219960212707519531e+00, -1.091389274597167969e+01, -1.357043074676766992e-04, -1.169458389282226562e+00, 7.328865805640816689e+00, -4.187622515019029379e-03, 0.000000000000000000e+00, 2.004683488416233672e+00
1.585542526468634605e+01, 2.984654664993286133e+00, -1.080506801605224609e+01, -9.599993063602596521e-05, -9.949131011962890625e-01, 6.796459952369332314e+00, -3.728638344909995794e-03, 0.000000000000000000e+00, 6.271307008413430140e+00
1.590542526543140411e+01, 3.310689210891723633e+00, -1.049504470825195312e+01, 1.337591384071856737e-04, -8.153343200683593750e-01, 6.273611346259713173e+00, -3.289337677415460348e-03, 4.009335339069366455e-01, -3.510431003923741855e+00
1.595542526617646217e+01, 3.591563224792480469e+00, -1.015206050872802734e+01, 2.355182805331423879e-04, -6.306285858154296875e-01, 5.763767043128609657e+00, -2.818146662320941687e-03, 1.000000000000000000e+00, -2.858639673755919830e+01
